Geographic Area,"Total Population April 1 2000r","Total Population April 1 2010",Population Change Number,Population Change Percent,SUMLEV,State,County,Sub County,Place,FuncStat
New York State,18976811,19378102,401291,2.1%,40,36,,,,A
New York City,8008686,8175133,166447,2.1%,160,36,,,51000,A
Albany County,294571,304204,9633,3.3%,50,36,1,,,A
Albany city,94444,97856,3412,3.6%,60,36,1,1000,,F
Berne town,2853,2794,-59,-2.1%,60,36,1,6211,,A
Bethlehem town,31338,33656,2318,7.4%,60,36,1,6354,,A
Coeymans town,8161,7418,-743,-9.1%,60,36,1,16694,,A
Cohoes city,15607,16168,561,3.6%,60,36,1,16749,,F
Colonie town,79327,81591,2264,2.9%,60,36,1,17343,,A
Green Island town,2283,2620,337,14.8%,60,36,1,30532,,B
Guilderland town,34045,35303,1258,3.7%,60,36,1,31104,,A
Knox town,2647,2692,45,1.7%,60,36,1,40002,,A
New Scotland town,8588,8648,60,0.7%,60,36,1,50672,,A
Rensselaerville town,1915,1843,-72,-3.8%,60,36,1,61181,,A
Watervliet city,9904,10254,350,3.5%,60,36,1,78674,,F
Westerlo town,3459,3361,-98,-2.8%,60,36,1,79851,,A
Allegany County,49927,48946,-981,-2%,50,36,3,,,A
Alfred town,5140,5237,97,1.9%,60,36,3,1209,,A
Allen town,462,448,-14,-3%,60,36,3,1319,,A
Alma town,847,842,-5,-0.6%,60,36,3,1429,,A
Almond town,1604,1633,29,1.8%,60,36,3,1451,,A
Amity town,2245,2308,63,2.8%,60,36,3,2011,,A
Andover town,1945,1830,-115,-5.9%,60,36,3,2154,,A
Angelica town,1411,1403,-8,-0.6%,60,36,3,2187,,A
Belfast town,1714,1663,-51,-3%,60,36,3,5573,,A
Birdsall town,268,221,-47,-17.5%,60,36,3,6717,,A
Bolivar town,2223,2189,-34,-1.5%,60,36,3,7201,,A
Burns town,1248,1180,-68,-5.4%,60,36,3,11253,,A
Caneadea town,2694,2542,-152,-5.6%,60,36,3,12243,,A
Centerville town,762,822,60,7.9%,60,36,3,13475,,A
Clarksville town,1146,1161,15,1.3%,60,36,3,15990,,A
Cuba town,3392,3243,-149,-4.4%,60,36,3,19367,,A
Friendship town,1927,2004,77,4%,60,36,3,27705,,A
Genesee town,1803,1693,-110,-6.1%,60,36,3,28563,,A
Granger town,577,538,-39,-6.8%,60,36,3,29905,,A
Grove town,533,548,15,2.8%,60,36,3,30994,,A
Hume town,1987,2071,84,4.2%,60,36,3,36112,,A
Independence town,1074,1167,93,8.7%,60,36,3,37297,,A
New Hudson town,736,781,45,6.1%,60,36,3,50375,,A
Oil Springs Reservation,0,1,1,,60,36,3,54523,,F
Rushford town,1259,1150,-109,-8.7%,60,36,3,64166,,A
Scio town,1914,1833,-81,-4.2%,60,36,3,65772,,A
Ward town,390,368,-22,-5.6%,60,36,3,78201,,A
Wellsville town,7678,7397,-281,-3.7%,60,36,3,79103,,A
West Almond town,353,334,-19,-5.4%,60,36,3,79202,,A
Willing town,1371,1228,-143,-10.4%,60,36,3,82095,,A
Wirt town,1215,1111,-104,-8.6%,60,36,3,82623,,A
Bronx County,1332652,1385108,52456,3.9%,50,36,5,,,C
Broome County,200536,200600,64,0%,50,36,7,,,A
Barker town,2738,2732,-6,-0.2%,60,36,7,4429,,A
Binghamton city,47380,47376,-4,0%,60,36,7,6607,,F
Binghamton town,4969,4942,-27,-0.5%,60,36,7,6618,,A
Chenango town,11454,11252,-202,-1.8%,60,36,7,15110,,A
Colesville town,5441,5232,-209,-3.8%,60,36,7,17046,,A
Conklin town,5940,5441,-499,-8.4%,60,36,7,17772,,A
Dickinson town,5335,5278,-57,-1.1%,60,36,7,20588,,A
Fenton town,6909,6674,-235,-3.4%,60,36,7,25604,,A
Kirkwood town,5651,5857,206,3.6%,60,36,7,39837,,A
Lisle town,2707,2751,44,1.6%,60,36,7,42653,,A
Maine town,5459,5377,-82,-1.5%,60,36,7,44611,,A
Nanticoke town,1790,1672,-118,-6.6%,60,36,7,49396,,A
Sanford town,2477,2407,-70,-2.8%,60,36,7,65112,,A
Triangle town,3032,2946,-86,-2.8%,60,36,7,75319,,A
Union town,56266,56346,80,0.1%,60,36,7,76056,,A
Vestal town,26567,28043,1476,5.6%,60,36,7,77255,,A
Windsor town,6421,6274,-147,-2.3%,60,36,7,82535,,A
Cattaraugus County,83955,80317,-3638,-4.3%,50,36,9,,,A
Allegany town,8230,8004,-226,-2.7%,60,36,9,1297,,A
Allegany Reservation,1099,1020,-79,-7.2%,60,36,9,1308,,F
Ashford town,2223,2132,-91,-4.1%,60,36,9,2759,,A
Carrollton town,1410,1297,-113,-8%,60,36,9,12661,,A
Cattaraugus Reservation,0,314,314,,60,36,9,13035,,F
Coldspring town,751,663,-88,-11.7%,60,36,9,16903,,A
Conewango town,1732,1857,125,7.2%,60,36,9,17684,,A
Dayton town,1945,1886,-59,-3%,60,36,9,19840,,A
East Otto town,1105,1062,-43,-3.9%,60,36,9,22678,,A
Ellicottville town,1738,1598,-140,-8.1%,60,36,9,24031,,A
Farmersville town,1028,1090,62,6%,60,36,9,25340,,A
Franklinville town,3128,2990,-138,-4.4%,60,36,9,27342,,A
Freedom town,2493,2405,-88,-3.5%,60,36,9,27441,,A
Great Valley town,2145,1974,-171,-8%,60,36,9,30257,,A
Hinsdale town,2270,2168,-102,-4.5%,60,36,9,34946,,A
Humphrey town,721,687,-34,-4.7%,60,36,9,36123,,A
Ischua town,895,859,-36,-4%,60,36,9,37825,,A
Leon town,1380,1365,-15,-1.1%,60,36,9,41982,,A
Little Valley town,1788,1740,-48,-2.7%,60,36,9,42840,,A
Lyndon town,661,707,46,7%,60,36,9,43896,,A
Machias town,2482,2375,-107,-4.3%,60,36,9,44237,,A
Mansfield town,800,808,8,1%,60,36,9,45161,,A
Napoli town,1159,1248,89,7.7%,60,36,9,49462,,A
New Albion town,2068,1972,-96,-4.6%,60,36,9,49880,,A
Oil Springs Reservation,0,0,0,,60,36,9,54523,,F
Olean city,15347,14452,-895,-5.8%,60,36,9,54716,,F
Olean town,2029,1963,-66,-3.3%,60,36,9,54727,,A
Otto town,831,808,-23,-2.8%,60,36,9,55783,,A
Perrysburg town,1771,1626,-145,-8.2%,60,36,9,57298,,A
Persia town,2512,2404,-108,-4.3%,60,36,9,57331,,A
Portville town,3952,3730,-222,-5.6%,60,36,9,59509,,A
Randolph town,2681,2602,-79,-2.9%,60,36,9,60587,,A
Red House town,38,38,0,0%,60,36,9,60950,,A
Salamanca city,6097,5815,-282,-4.6%,60,36,9,64749,,F
Salamanca town,544,481,-63,-11.6%,60,36,9,64760,,A
South Valley town,302,264,-38,-12.6%,60,36,9,69870,,A
Yorkshire town,4210,3913,-297,-7.1%,60,36,9,84055,,A
Cayuga County,81961,80026,-1935,-2.4%,50,36,11,,,A
Auburn city,28574,27687,-887,-3.1%,60,36,11,3078,,F
Aurelius town,2936,2792,-144,-4.9%,60,36,11,3166,,A
Brutus town,4777,4464,-313,-6.6%,60,36,11,10297,,A
Cato town,2744,2537,-207,-7.5%,60,36,11,12969,,A
Conquest town,1925,1819,-106,-5.5%,60,36,11,17849,,A
Fleming town,2647,2636,-11,-0.4%,60,36,11,26231,,A
Genoa town,1914,1935,21,1.1%,60,36,11,28673,,A
Ira town,2426,2206,-220,-9.1%,60,36,11,37660,,A
Ledyard town,1832,1886,54,2.9%,60,36,11,41740,,A
Locke town,1900,1951,51,2.7%,60,36,11,43071,,A
Mentz town,2446,2378,-68,-2.8%,60,36,11,46602,,A
Montezuma town,1431,1277,-154,-10.8%,60,36,11,48131,,A
Moravia town,4040,3626,-414,-10.2%,60,36,11,48307,,A
Niles town,1208,1194,-14,-1.2%,60,36,11,51198,,A
Owasco town,3755,3793,38,1%,60,36,11,55871,,A
Scipio town,1537,1713,176,11.5%,60,36,11,65816,,A
Sempronius town,893,895,2,0.2%,60,36,11,66278,,A
Sennett town,3244,3595,351,10.8%,60,36,11,66443,,A
Springport town,2256,2367,111,4.9%,60,36,11,70376,,A
Sterling town,3432,3040,-392,-11.4%,60,36,11,71146,,A
Summerhill town,1098,1217,119,10.8%,60,36,11,72037,,A
Throop town,1824,1990,166,9.1%,60,36,11,73770,,A
Venice town,1286,1368,82,6.4%,60,36,11,77024,,A
Victory town,1836,1660,-176,-9.6%,60,36,11,77420,,A
Chautauqua County,139747,134905,-4842,-3.5%,50,36,13,,,A
Arkwright town,1126,1061,-65,-5.8%,60,36,13,2605,,A
Busti town,7757,7351,-406,-5.2%,60,36,13,11451,,A
Carroll town,3635,3524,-111,-3.1%,60,36,13,12639,,A
Cattaraugus Reservation,0,38,38,,60,36,13,13035,,F
Charlotte town,1713,1729,16,0.9%,60,36,13,13860,,A
Chautauqua town,4666,4464,-202,-4.3%,60,36,13,14069,,A
Cherry Creek town,1152,1118,-34,-3%,60,36,13,15198,,A
Clymer town,1501,1698,197,13.1%,60,36,13,16595,,A
Dunkirk city,13131,12563,-568,-4.3%,60,36,13,21105,,F
Dunkirk town,1387,1318,-69,-5%,60,36,13,21116,,A
Ellery town,4576,4528,-48,-1%,60,36,13,23976,,A
Ellicott town,9280,8714,-566,-6.1%,60,36,13,23998,,A
Ellington town,1639,1643,4,0.2%,60,36,13,24053,,A
French Creek town,935,906,-29,-3.1%,60,36,13,27606,,A
Gerry town,2054,1905,-149,-7.3%,60,36,13,28838,,A
Hanover town,7638,7127,-511,-6.7%,60,36,13,32050,,A
Harmony town,2339,2206,-133,-5.7%,60,36,13,32248,,A
Jamestown city,31984,31146,-838,-2.6%,60,36,13,38264,,F
Kiantone town,1385,1350,-35,-2.5%,60,36,13,39507,,A
Mina town,1176,1106,-70,-6%,60,36,13,47592,,A
North Harmony town,2521,2267,-254,-10.1%,60,36,13,52155,,A
Poland town,2467,2356,-111,-4.5%,60,36,13,58926,,A
Pomfret town,14703,14965,262,1.8%,60,36,13,58981,,A
Portland town,5502,4827,-675,-12.3%,60,36,13,59421,,A
Ripley town,2636,2415,-221,-8.4%,60,36,13,61885,,A
Sheridan town,2584,2673,89,3.4%,60,36,13,66916,,A
Sherman town,1553,1653,100,6.4%,60,36,13,66960,,A
Stockton town,2331,2248,-83,-3.6%,60,36,13,71476,,A
Villenova town,1121,1110,-11,-1%,60,36,13,77530,,A
Westfield town,5232,4896,-336,-6.4%,60,36,13,79950,,A
Chemung County,91072,88830,-2242,-2.5%,50,36,15,,,A
Ashland town,1951,1695,-256,-13.1%,60,36,15,2781,,A
Baldwin town,853,832,-21,-2.5%,60,36,15,4132,,A
Big Flats town,7224,7731,507,7%,60,36,15,6475,,A
Catlin town,2654,2618,-36,-1.4%,60,36,15,12947,,A
Chemung town,2665,2563,-102,-3.8%,60,36,15,15077,,A
Elmira city,30942,29200,-1742,-5.6%,60,36,15,24229,,F
Elmira town,7199,6934,-265,-3.7%,60,36,15,24240,,A
Erin town,2058,1962,-96,-4.7%,60,36,15,24636,,A
Horseheads town,19557,19485,-72,-0.4%,60,36,15,35705,,A
Southport town,11185,10940,-245,-2.2%,60,36,15,69617,,A
Van Etten town,1518,1557,39,2.6%,60,36,15,76892,,A
Veteran town,3266,3313,47,1.4%,60,36,15,77310,,A
Chenango County,51398,50477,-921,-1.8%,50,36,17,,,A
Afton town,2977,2851,-126,-4.2%,60,36,17,353,,A
Bainbridge town,3401,3308,-93,-2.7%,60,36,17,4044,,A
Columbus town,931,975,44,4.7%,60,36,17,17486,,A
Coventry town,1589,1655,66,4.2%,60,36,17,18619,,A
German town,378,370,-8,-2.1%,60,36,17,28739,,A
Greene town,5729,5604,-125,-2.2%,60,36,17,30422,,A
Guilford town,3046,2922,-124,-4.1%,60,36,17,31148,,A
Lincklaen town,416,396,-20,-4.8%,60,36,17,42411,,A
McDonough town,870,886,16,1.8%,60,36,17,44127,,A
New Berlin town,2803,2682,-121,-4.3%,60,36,17,49957,,A
North Norwich town,1966,1783,-183,-9.3%,60,36,17,53297,,A
Norwich city,7355,7190,-165,-2.2%,60,36,17,53979,,F
Norwich town,3836,3998,162,4.2%,60,36,17,53990,,A
Otselic town,1001,1054,53,5.3%,60,36,17,55717,,A
Oxford town,3992,3901,-91,-2.3%,60,36,17,55959,,A
Pharsalia town,542,593,51,9.4%,60,36,17,57507,,A
Pitcher town,848,803,-45,-5.3%,60,36,17,58288,,A
Plymouth town,2049,1804,-245,-12%,60,36,17,58772,,A
Preston town,928,1044,116,12.5%,60,36,17,59817,,A
Sherburne town,3976,4048,72,1.8%,60,36,17,66894,,A
Smithville town,1347,1330,-17,-1.3%,60,36,17,68055,,A
Smyrna town,1418,1280,-138,-9.7%,60,36,17,68110,,A
Clinton County,79894,82128,2234,2.8%,50,36,19,,,A
Altona town,3160,2887,-273,-8.6%,60,36,19,1583,,A
Au Sable town,3011,3146,135,4.5%,60,36,19,3221,,A
Beekmantown town,5321,5545,224,4.2%,60,36,19,5485,,A
Black Brook town,1660,1497,-163,-9.8%,60,36,19,6761,,A
Champlain town,5791,5754,-37,-0.6%,60,36,19,13750,,A
Chazy town,4186,4284,98,2.3%,60,36,19,14113,,A
Clinton town,731,737,6,0.8%,60,36,19,16397,,A
Dannemora town,5150,4898,-252,-4.9%,60,36,19,19653,,A
Ellenburg town,1812,1743,-69,-3.8%,60,36,19,23921,,A
Mooers town,3404,3592,188,5.5%,60,36,19,48252,,A
Peru town,6364,6998,634,10%,60,36,19,57375,,A
Plattsburgh city,18816,19989,1173,6.2%,60,36,19,58574,,F
Plattsburgh town,11283,11870,587,5.2%,60,36,19,58585,,A
Saranac town,4077,4007,-70,-1.7%,60,36,19,65211,,A
Schuyler Falls town,5128,5181,53,1%,60,36,19,65717,,A
Columbia County,63094,63096,2,0%,50,36,21,,,A
Ancram town,1513,1573,60,4%,60,36,21,2099,,A
Austerlitz town,1453,1654,201,13.8%,60,36,21,3287,,A
Canaan town,1820,1710,-110,-6%,60,36,21,12056,,A
Chatham town,4249,4128,-121,-2.8%,60,36,21,14014,,A
Claverack town,6401,6021,-380,-5.9%,60,36,21,16045,,A
Clermont town,1726,1965,239,13.8%,60,36,21,16177,,A
Copake town,3278,3615,337,10.3%,60,36,21,18102,,A
Gallatin town,1499,1668,169,11.3%,60,36,21,28068,,A
Germantown town,2018,1954,-64,-3.2%,60,36,21,28772,,A
Ghent town,5276,5402,126,2.4%,60,36,21,28871,,A
Greenport town,4180,4165,-15,-0.4%,60,36,21,30565,,A
Hillsdale town,1744,1927,183,10.5%,60,36,21,34748,,A
Hudson city,7524,6713,-811,-10.8%,60,36,21,35969,,F
Kinderhook town,8296,8498,202,2.4%,60,36,21,39573,,A
Livingston town,3424,3646,222,6.5%,60,36,21,42917,,A
New Lebanon town,2454,2305,-149,-6.1%,60,36,21,50452,,A
Stockport town,2933,2815,-118,-4%,60,36,21,71443,,A
Stuyvesant town,2188,2027,-161,-7.4%,60,36,21,71850,,A
Taghkanic town,1118,1310,192,17.2%,60,36,21,73077,,A
Cortland County,48599,49336,737,1.5%,50,36,23,,,A
Cincinnatus town,1048,1056,8,0.8%,60,36,23,15748,,A
Cortland city,18740,19204,464,2.5%,60,36,23,18388,,F
Cortlandville town,7919,8509,590,7.5%,60,36,23,18421,,A
Cuyler town,1036,980,-56,-5.4%,60,36,23,19499,,A
Freetown town,789,757,-32,-4.1%,60,36,23,27496,,A
Harford town,919,943,24,2.6%,60,36,23,32160,,A
Homer town,6363,6405,42,0.7%,60,36,23,35287,,A
Lapeer town,686,767,81,11.8%,60,36,23,41300,,A
Marathon town,2189,1967,-222,-10.1%,60,36,23,45403,,A
Preble town,1582,1393,-189,-11.9%,60,36,23,59773,,A
Scott town,1193,1176,-17,-1.4%,60,36,23,65915,,A
Solon town,1108,1079,-29,-2.6%,60,36,23,68264,,A
Taylor town,500,523,23,4.6%,60,36,23,73220,,A
Truxton town,1225,1133,-92,-7.5%,60,36,23,75550,,A
Virgil town,2288,2401,113,4.9%,60,36,23,77596,,A
Willet town,1014,1043,29,2.9%,60,36,23,81963,,A
Delaware County,48057,47980,-77,-0.2%,50,36,25,,,A
Andes town,1356,1301,-55,-4.1%,60,36,25,2132,,A
Bovina town,664,633,-31,-4.7%,60,36,25,7597,,A
Colchester town,2042,2077,35,1.7%,60,36,25,16793,,A
Davenport town,2774,2965,191,6.9%,60,36,25,19763,,A
Delhi town,4629,5117,488,10.5%,60,36,25,20137,,A
Deposit town,1687,1712,25,1.5%,60,36,25,20357,,A
Franklin town,2621,2411,-210,-8%,60,36,25,27232,,A
Hamden town,1280,1323,43,3.4%,60,36,25,31698,,A
Hancock town,3451,3224,-227,-6.6%,60,36,25,31951,,A
Harpersfield town,1603,1577,-26,-1.6%,60,36,25,32281,,A
Kortright town,1633,1675,42,2.6%,60,36,25,40068,,A
Masonville town,1405,1320,-85,-6%,60,36,25,45964,,A
Meredith town,1588,1529,-59,-3.7%,60,36,25,46624,,A
Middletown town,4051,3750,-301,-7.4%,60,36,25,47031,,A
Roxbury town,2509,2502,-7,-0.3%,60,36,25,64001,,A
Sidney town,6109,5774,-335,-5.5%,60,36,25,67345,,A
Stamford town,1943,2267,324,16.7%,60,36,25,70629,,A
Tompkins town,1105,1247,142,12.9%,60,36,25,74111,,A
Walton town,5607,5576,-31,-0.6%,60,36,25,78047,,A
Dutchess County,280153,297488,17335,6.2%,50,36,27,,,A
Amenia town,4062,4436,374,9.2%,60,36,27,1693,,A
Beacon city,14805,15541,736,5%,60,36,27,5100,,F
Beekman town,13698,14621,923,6.7%,60,36,27,5452,,A
Clinton town,4011,4312,301,7.5%,60,36,27,16408,,A
Dover town,8562,8699,137,1.6%,60,36,27,20819,,A
East Fishkill town,25588,29029,3441,13.4%,60,36,27,21996,,A
Fishkill town,19261,22107,2846,14.8%,60,36,27,25978,,A
Hyde Park town,20837,21571,734,3.5%,60,36,27,37209,,A
La Grange town,14926,15730,804,5.4%,60,36,27,40299,,A
Milan town,2359,2370,11,0.5%,60,36,27,47207,,A
North East town,3002,3031,29,1%,60,36,27,51891,,A
Pawling town,7521,8463,942,12.5%,60,36,27,56825,,A
Pine Plains town,2559,2473,-86,-3.4%,60,36,27,58156,,A
Pleasant Valley town,9063,9672,609,6.7%,60,36,27,58695,,A
Poughkeepsie city,30157,32736,2579,8.6%,60,36,27,59641,,F
Poughkeepsie town,42492,43341,849,2%,60,36,27,59652,,A
Red Hook town,10394,11319,925,8.9%,60,36,27,60905,,A
Rhinebeck town,7774,7548,-226,-2.9%,60,36,27,61357,,A
Stanford town,3553,3823,270,7.6%,60,36,27,70662,,A
Union Vale town,4521,4877,356,7.9%,60,36,27,76166,,A
Wappinger town,26272,27048,776,3%,60,36,27,78157,,A
Washington town,4736,4741,5,0.1%,60,36,27,78388,,A
Erie County,950265,919040,-31225,-3.3%,50,36,29,,,A
Alden town,10470,10865,395,3.8%,60,36,29,1099,,A
Amherst town,116510,122366,5856,5%,60,36,29,2000,,A
Aurora town,13996,13782,-214,-1.5%,60,36,29,3199,,A
Boston town,7897,8023,126,1.6%,60,36,29,7454,,A
Brant town,1906,2065,159,8.3%,60,36,29,7894,,A
Buffalo city,292648,261310,-31338,-10.7%,60,36,29,11000,,F
Cattaraugus Reservation,0,1833,1833,,60,36,29,13035,,F
Cheektowaga town,94019,88226,-5793,-6.2%,60,36,29,15011,,A
Clarence town,26123,30673,4550,17.4%,60,36,29,15825,,A
Colden town,3323,3265,-58,-1.7%,60,36,29,16870,,A
Collins town,8307,6601,-1706,-20.5%,60,36,29,17200,,A
Concord town,8526,8494,-32,-0.4%,60,36,29,17585,,A
Eden town,8076,7688,-388,-4.8%,60,36,29,23415,,A
Elma town,11304,11317,13,0.1%,60,36,29,24130,,A
Evans town,17594,16356,-1238,-7%,60,36,29,24801,,A
Grand Island town,18621,20374,1753,9.4%,60,36,29,29828,,A
Hamburg town,56261,56936,675,1.2%,60,36,29,31654,,A
Holland town,3603,3401,-202,-5.6%,60,36,29,35122,,A
Lackawanna city,19064,18141,-923,-4.8%,60,36,29,40189,,F
Lancaster town,39019,41604,2585,6.6%,60,36,29,41146,,A
Marilla town,5709,5327,-382,-6.7%,60,36,29,45601,,A
Newstead town,8404,8594,190,2.3%,60,36,29,50716,,A
North Collins town,3376,3523,147,4.4%,60,36,29,51803,,A
Orchard Park town,27635,29054,1419,5.1%,60,36,29,55277,,A
Sardinia town,2692,2775,83,3.1%,60,36,29,65277,,A
Tonawanda city,16136,15130,-1006,-6.2%,60,36,29,74166,,F
Tonawanda town,78155,73567,-4588,-5.9%,60,36,29,75000,,A
Tonawanda Reservation,0,34,34,,60,36,29,75011,,F
Wales town,2960,3005,45,1.5%,60,36,29,77871,,A
West Seneca town,45920,44711,-1209,-2.6%,60,36,29,80918,,A
Essex County,38849,39370,521,1.3%,50,36,31,,,A
Chesterfield town,2409,2445,36,1.5%,60,36,31,15330,,A
Crown Point town,2119,2024,-95,-4.5%,60,36,31,19246,,A
Elizabethtown town,1315,1163,-152,-11.6%,60,36,31,23833,,A
Essex town,713,671,-42,-5.9%,60,36,31,24768,,A
Jay town,2306,2506,200,8.7%,60,36,31,38396,,A
Keene town,1063,1105,42,4%,60,36,31,39067,,A
Lewis town,1200,1382,182,15.2%,60,36,31,42114,,A
Minerva town,796,809,13,1.6%,60,36,31,47669,,A
Moriah town,4879,4798,-81,-1.7%,60,36,31,48428,,A
Newcomb town,481,436,-45,-9.4%,60,36,31,50144,,A
North Elba town,8659,8957,298,3.4%,60,36,31,51935,,A
North Hudson town,266,240,-26,-9.8%,60,36,31,53077,,A
St. Armand town,1321,1548,227,17.2%,60,36,31,64529,,A
Schroon town,1759,1654,-105,-6%,60,36,31,65629,,A
Ticonderoga town,5167,5042,-125,-2.4%,60,36,31,73891,,A
Westport town,1362,1312,-50,-3.7%,60,36,31,80775,,A
Willsboro town,1903,2025,122,6.4%,60,36,31,82271,,A
Wilmington town,1131,1253,122,10.8%,60,36,31,82315,,A
Franklin County,51134,51599,465,0.9%,50,36,33,,,A
Bangor town,2147,2224,77,3.6%,60,36,33,4319,,A
Bellmont town,1423,1434,11,0.8%,60,36,33,5716,,A
Bombay town,1192,1357,165,13.8%,60,36,33,7278,,A
Brandon town,542,577,35,6.5%,60,36,33,7839,,A
Brighton town,1682,1435,-247,-14.7%,60,36,33,8213,,A
Burke town,1359,1465,106,7.8%,60,36,33,11165,,A
Chateaugay town,2036,2155,119,5.8%,60,36,33,13992,,A
Constable town,1428,1566,138,9.7%,60,36,33,17871,,A
Dickinson town,739,823,84,11.4%,60,36,33,20610,,A
Duane town,159,174,15,9.4%,60,36,33,20973,,A
Fort Covington town,1645,1676,31,1.9%,60,36,33,26737,,A
Franklin town,1197,1140,-57,-4.8%,60,36,33,27243,,A
Harrietstown town,5575,5709,134,2.4%,60,36,33,32314,,A
Malone town,14981,14545,-436,-2.9%,60,36,33,44721,,A
Moira town,2857,2934,77,2.7%,60,36,33,47933,,A
St. Regis Mohawk Reservation,2699,3228,529,19.6%,60,36,33,64727,,F
Santa Clara town,395,345,-50,-12.7%,60,36,33,65178,,A
Tupper Lake town,6137,5971,-166,-2.7%,60,36,33,75676,,A
Waverly town,1118,1022,-96,-8.6%,60,36,33,78795,,A
Westville town,1823,1819,-4,-0.2%,60,36,33,81215,,A
Fulton County,55077,55531,454,0.8%,50,36,35,,,A
Bleecker town,573,533,-40,-7%,60,36,35,6882,,A
Broadalbin town,5070,5260,190,3.7%,60,36,35,8433,,A
Caroga town,1403,1205,-198,-14.1%,60,36,35,12573,,A
Ephratah town,1693,1682,-11,-0.6%,60,36,35,24603,,A
Gloversville city,15391,15665,274,1.8%,60,36,35,29443,,F
Johnstown city,8636,8743,107,1.2%,60,36,35,38781,,F
Johnstown town,7067,7098,31,0.4%,60,36,35,38792,,A
Mayfield town,6432,6495,63,1%,60,36,35,46217,,A
Northampton town,2760,2670,-90,-3.3%,60,36,35,51407,,A
Oppenheim town,1774,1924,150,8.5%,60,36,35,55101,,A
Perth town,3638,3646,8,0.2%,60,36,35,57353,,A
Stratford town,640,610,-30,-4.7%,60,36,35,71784,,A
Genesee County,60370,60079,-291,-0.5%,50,36,37,,,A
Alabama town,1881,1869,-12,-0.6%,60,36,37,474,,A
Alexander town,2451,2534,83,3.4%,60,36,37,1165,,A
Batavia city,16256,15465,-791,-4.9%,60,36,37,4715,,F
Batavia town,5915,6809,894,15.1%,60,36,37,4726,,A
Bergen town,3182,3120,-62,-1.9%,60,36,37,6057,,A
Bethany town,1760,1765,5,0.3%,60,36,37,6266,,A
Byron town,2493,2369,-124,-5%,60,36,37,11572,,A
Darien town,3061,3158,97,3.2%,60,36,37,19719,,A
Elba town,2439,2370,-69,-2.8%,60,36,37,23756,,A
Le Roy town,7790,7641,-149,-1.9%,60,36,37,42037,,A
Oakfield town,3203,3250,47,1.5%,60,36,37,54166,,A
Pavilion town,2467,2495,28,1.1%,60,36,37,56792,,A
Pembroke town,4530,4292,-238,-5.3%,60,36,37,57078,,A
Stafford town,2409,2459,50,2.1%,60,36,37,70607,,A
Tonawanda Reservation,0,483,483,,60,36,37,75011,,F
Greene County,48185,49221,1036,2.2%,50,36,39,,,A
Ashland town,752,784,32,4.3%,60,36,39,2803,,A
Athens town,3991,4089,98,2.5%,60,36,39,2913,,A
Cairo town,6317,6670,353,5.6%,60,36,39,11649,,A
Catskill town,11887,11775,-112,-0.9%,60,36,39,13013,,A
Coxsackie town,8884,8918,34,0.4%,60,36,39,18729,,A
Durham town,2592,2725,133,5.1%,60,36,39,21204,,A
Greenville town,3316,3739,423,12.8%,60,36,39,30620,,A
Halcott town,193,258,65,33.7%,60,36,39,31379,,A
Hunter town,2717,2732,15,0.6%,60,36,39,36178,,A
Jewett town,970,953,-17,-1.8%,60,36,39,38638,,A
Lexington town,830,805,-25,-3%,60,36,39,42202,,A
New Baltimore town,3411,3370,-41,-1.2%,60,36,39,49935,,A
Prattsville town,665,700,35,5.3%,60,36,39,59751,,A
Windham town,1660,1703,43,2.6%,60,36,39,82480,,A
Hamilton County,5377,4836,-541,-10.1%,50,36,41,,,A
Arietta town,293,304,11,3.8%,60,36,41,2572,,A
Benson town,201,192,-9,-4.5%,60,36,41,5958,,A
Hope town,392,403,11,2.8%,60,36,41,35496,,A
Indian Lake town,1471,1352,-119,-8.1%,60,36,41,37374,,A
Inlet town,406,333,-73,-18%,60,36,41,37495,,A
Lake Pleasant town,876,781,-95,-10.8%,60,36,41,40794,,A
Long Lake town,850,711,-139,-16.4%,60,36,41,43412,,A
Morehouse town,151,86,-65,-43%,60,36,41,48340,,A
Wells town,737,674,-63,-8.5%,60,36,41,79059,,A
Herkimer County,64437,64519,82,0.1%,50,36,43,,,A
Columbia town,1638,1580,-58,-3.5%,60,36,43,17431,,A
Danube town,1098,1039,-59,-5.4%,60,36,43,19686,,A
Fairfield town,1624,1627,3,0.2%,60,36,43,24933,,A
Frankfort town,7386,7636,250,3.4%,60,36,43,27199,,A
German Flatts town,13629,13258,-371,-2.7%,60,36,43,28750,,A
Herkimer town,9962,10175,213,2.1%,60,36,43,34132,,A
Litchfield town,1464,1513,49,3.3%,60,36,43,42664,,A
Little Falls city,5193,4946,-247,-4.8%,60,36,43,42741,,F
Little Falls town,1539,1587,48,3.1%,60,36,43,42752,,A
Manheim town,3171,3334,163,5.1%,60,36,43,44974,,A
Newport town,2169,2302,133,6.1%,60,36,43,50584,,A
Norway town,727,762,35,4.8%,60,36,43,53968,,A
Ohio town,922,1002,80,8.7%,60,36,43,54507,,A
Russia town,2487,2587,100,4%,60,36,43,64254,,A
Salisbury town,1953,1958,5,0.3%,60,36,43,64837,,A
Schuyler town,3385,3420,35,1%,60,36,43,65695,,A
Stark town,767,757,-10,-1.3%,60,36,43,70794,,A
Warren town,1133,1143,10,0.9%,60,36,43,78278,,A
Webb town,1912,1807,-105,-5.5%,60,36,43,78927,,A
Winfield town,2202,2086,-116,-5.3%,60,36,43,82568,,A
Jefferson County,111738,116229,4491,4%,50,36,45,,,A
Adams town,4782,5143,361,7.5%,60,36,45,210,,A
Alexandria town,4097,4061,-36,-0.9%,60,36,45,1176,,A
Antwerp town,1793,1846,53,3%,60,36,45,2297,,A
Brownville town,5843,6263,420,7.2%,60,36,45,10242,,A
Cape Vincent town,3345,2777,-568,-17%,60,36,45,12364,,A
Champion town,4361,4494,133,3%,60,36,45,13717,,A
Clayton town,4817,5153,336,7%,60,36,45,16100,,A
Ellisburg town,3541,3474,-67,-1.9%,60,36,45,24086,,A
Henderson town,1377,1360,-17,-1.2%,60,36,45,34055,,A
Hounsfield town,3323,3466,143,4.3%,60,36,45,35782,,A
Le Ray town,19836,21782,1946,9.8%,60,36,45,42015,,A
Lorraine town,930,1037,107,11.5%,60,36,45,43544,,A
Lyme town,2015,2185,170,8.4%,60,36,45,43863,,A
Orleans town,2465,2789,324,13.1%,60,36,45,55398,,A
Pamelia town,2897,3160,263,9.1%,60,36,45,56209,,A
Philadelphia town,2140,1947,-193,-9%,60,36,45,57562,,A
Rodman town,1147,1176,29,2.5%,60,36,45,63341,,A
Rutland town,2959,3060,101,3.4%,60,36,45,64265,,A
Theresa town,2414,2905,491,20.3%,60,36,45,73528,,A
Watertown city,26705,27023,318,1.2%,60,36,45,78608,,F
Watertown town,4482,4470,-12,-0.3%,60,36,45,78619,,A
Wilna town,6235,6427,192,3.1%,60,36,45,82348,,A
Worth town,234,231,-3,-1.3%,60,36,45,83162,,A
Kings County,2465531,2504700,39169,1.6%,50,36,47,,,C
Lewis County,26944,27087,143,0.5%,50,36,49,,,A
Croghan town,3163,3093,-70,-2.2%,60,36,49,19081,,A
Denmark town,2744,2860,116,4.2%,60,36,49,20214,,A
Diana town,1661,1709,48,2.9%,60,36,49,20555,,A
Greig town,1367,1199,-168,-12.3%,60,36,49,30796,,A
Harrisburg town,423,437,14,3.3%,60,36,49,32358,,A
Lewis town,857,854,-3,-0.4%,60,36,49,42125,,A
Leyden town,1792,1785,-7,-0.4%,60,36,49,42213,,A
Lowville town,4551,4982,431,9.5%,60,36,49,43731,,A
Lyonsdale town,1273,1227,-46,-3.6%,60,36,49,43995,,A
Martinsburg town,1249,1433,184,14.7%,60,36,49,45854,,A
Montague town,108,78,-30,-27.8%,60,36,49,48032,,A
New Bremen town,2720,2706,-14,-0.5%,60,36,49,50001,,A
Osceola town,265,229,-36,-13.6%,60,36,49,55497,,A
Pinckney town,319,329,10,3.1%,60,36,49,57925,,A
Turin town,793,761,-32,-4%,60,36,49,75693,,A
Watson town,1985,1881,-104,-5.2%,60,36,49,78729,,A
West Turin town,1674,1524,-150,-9%,60,36,49,81094,,A
Livingston County,64330,65393,1063,1.7%,50,36,51,,,A
Avon town,6443,7164,721,11.2%,60,36,51,3364,,A
Caledonia town,4567,4255,-312,-6.8%,60,36,51,11715,,A
Conesus town,2353,2473,120,5.1%,60,36,51,17618,,A
Geneseo town,9654,10483,829,8.6%,60,36,51,28629,,A
Groveland town,3853,3249,-604,-15.7%,60,36,51,31016,,A
Leicester town,2287,2200,-87,-3.8%,60,36,51,41883,,A
Lima town,4541,4305,-236,-5.2%,60,36,51,42334,,A
Livonia town,7286,7809,523,7.2%,60,36,51,42961,,A
Mount Morris town,4567,4465,-102,-2.2%,60,36,51,48956,,A
North Dansville town,5738,5538,-200,-3.5%,60,36,51,51869,,A
Nunda town,3017,3064,47,1.6%,60,36,51,54089,,A
Ossian town,751,789,38,5.1%,60,36,51,55508,,A
Portage town,859,884,25,2.9%,60,36,51,59179,,A
Sparta town,1627,1624,-3,-0.2%,60,36,51,70101,,A
Springwater town,2322,2439,117,5%,60,36,51,70475,,A
West Sparta town,1244,1255,11,0.9%,60,36,51,81006,,A
York town,3221,3397,176,5.5%,60,36,51,84022,,A
Madison County,69441,73442,4001,5.8%,50,36,53,,,A
Brookfield town,2403,2545,142,5.9%,60,36,53,8587,,A
Cazenovia town,6481,7086,605,9.3%,60,36,53,13156,,A
DeRuyter town,1532,1589,57,3.7%,60,36,53,20401,,A
Eaton town,4826,5255,429,8.9%,60,36,53,23305,,A
Fenner town,1680,1726,46,2.7%,60,36,53,25593,,A
Georgetown town,946,974,28,3%,60,36,53,28695,,A
Hamilton town,5733,6690,957,16.7%,60,36,53,31720,,A
Lebanon town,1329,1332,3,0.2%,60,36,53,41674,,A
Lenox town,8665,9122,457,5.3%,60,36,53,41905,,A
Lincoln town,1818,2012,194,10.7%,60,36,53,42422,,A
Madison town,2801,3008,207,7.4%,60,36,53,44435,,A
Nelson town,1964,1980,16,0.8%,60,36,53,49770,,A
Oneida city,10987,11393,406,3.7%,60,36,53,54837,,F
Smithfield town,1205,1288,83,6.9%,60,36,53,67785,,A
Stockbridge town,2080,2103,23,1.1%,60,36,53,71399,,A
Sullivan town,14991,15339,348,2.3%,60,36,53,71993,,A
Monroe County,735343,744344,9001,1.2%,50,36,55,,,A
Brighton town,35578,36609,1031,2.9%,60,36,55,8246,,A
Chili town,27638,28625,987,3.6%,60,36,55,15462,,A
Clarkson town,6072,6736,664,10.9%,60,36,55,15957,,A
East Rochester town,6650,6587,-63,-0.9%,60,36,55,22870,,C
Gates town,29275,28400,-875,-3%,60,36,55,28442,,A
Greece town,94141,96095,1954,2.1%,60,36,55,30290,,A
Hamlin town,9355,9045,-310,-3.3%,60,36,55,31797,,A
Henrietta town,39029,42581,3552,9.1%,60,36,55,34099,,A
Irondequoit town,52354,51692,-662,-1.3%,60,36,55,37726,,A
Mendon town,8370,9152,782,9.3%,60,36,55,46558,,A
Ogden town,18495,19856,1361,7.4%,60,36,55,54474,,A
Parma town,14822,15633,811,5.5%,60,36,55,56561,,A
Penfield town,34645,36242,1597,4.6%,60,36,55,57144,,A
Perinton town,46090,46462,372,0.8%,60,36,55,57221,,A
Pittsford town,27219,29405,2186,8%,60,36,55,58365,,A
Riga town,5434,5590,156,2.9%,60,36,55,61808,,A
Rochester city,219782,210565,-9217,-4.2%,60,36,55,63000,,F
Rush town,3603,3478,-125,-3.5%,60,36,55,64144,,A
Sweden town,13716,14175,459,3.3%,60,36,55,72455,,A
Webster town,37926,42641,4715,12.4%,60,36,55,78971,,A
Wheatland town,5149,4775,-374,-7.3%,60,36,55,81402,,A
Montgomery County,49708,50219,511,1%,50,36,57,,,A
Amsterdam city,18355,18620,265,1.4%,60,36,57,2066,,F
Amsterdam town,5820,5566,-254,-4.4%,60,36,57,2077,,A
Canajoharie town,3797,3730,-67,-1.8%,60,36,57,12122,,A
Charleston town,1292,1373,81,6.3%,60,36,57,13816,,A
Florida town,2731,2696,-35,-1.3%,60,36,57,26308,,A
Glen town,2222,2507,285,12.8%,60,36,57,29047,,A
Minden town,4202,4297,95,2.3%,60,36,57,47614,,A
Mohawk town,3902,3844,-58,-1.5%,60,36,57,47834,,A
Palatine town,3070,3240,170,5.5%,60,36,57,56099,,A
Root town,1752,1715,-37,-2.1%,60,36,57,63561,,A
St. Johnsville town,2565,2631,66,2.6%,60,36,57,64650,,A
Nassau County,1334546,1339532,4986,0.4%,50,36,59,,,A
Glen Cove city,26626,26964,338,1.3%,60,36,59,29113,,F
Hempstead town,756165,759757,3592,0.5%,60,36,59,34000,,A
Long Beach city,35462,33275,-2187,-6.2%,60,36,59,43335,,F
North Hempstead town,220703,226322,5619,2.5%,60,36,59,53000,,A
Oyster Bay town,295590,293214,-2376,-0.8%,60,36,59,56000,,A
New York County,1537395,1585873,48478,3.2%,50,36,61,,,C
Niagara County,219844,216469,-3375,-1.5%,50,36,63,,,A
Cambria town,5391,5839,448,8.3%,60,36,63,11803,,A
Hartland town,4163,4117,-46,-1.1%,60,36,63,32490,,A
Lewiston town,16240,16262,22,0.1%,60,36,63,42158,,A
Lockport city,22279,21165,-1114,-5%,60,36,63,43082,,F
Lockport town,19655,20529,874,4.4%,60,36,63,43093,,A
Newfane town,9657,9666,9,0.1%,60,36,63,50232,,A
Niagara town,8910,8378,-532,-6%,60,36,63,51033,,A
Niagara Falls city,55661,50193,-5468,-9.8%,60,36,63,51055,,F
North Tonawanda city,33262,31568,-1694,-5.1%,60,36,63,53682,,F
Pendleton town,6050,6397,347,5.7%,60,36,63,57111,,A
Porter town,6920,6771,-149,-2.2%,60,36,63,59267,,A
Royalton town,7710,7660,-50,-0.6%,60,36,63,64034,,A
Somerset town,2865,2662,-203,-7.1%,60,36,63,68330,,A
Tonawanda Reservation,0,0,0,,60,36,63,75011,,F
Tuscarora Nation Reservation,1155,1152,-3,-0.3%,60,36,63,75748,,F
Wheatfield town,14086,18117,4031,28.6%,60,36,63,81380,,A
Wilson town,5840,5993,153,2.6%,60,36,63,82370,,A
Oneida County,235461,234878,-583,-0.2%,50,36,65,,,A
Annsville town,2956,3012,56,1.9%,60,36,65,2253,,A
Augusta town,1966,2020,54,2.7%,60,36,65,3155,,A
Ava town,725,676,-49,-6.8%,60,36,65,3309,,A
Boonville town,4572,4555,-17,-0.4%,60,36,65,7366,,A
Bridgewater town,1675,1522,-153,-9.1%,60,36,65,8180,,A
Camden town,5018,4934,-84,-1.7%,60,36,65,11858,,A
Deerfield town,3909,4273,364,9.3%,60,36,65,19928,,A
Florence town,1086,1025,-61,-5.6%,60,36,65,26297,,A
Floyd town,3869,3819,-50,-1.3%,60,36,65,26385,,A
Forestport town,1692,1535,-157,-9.3%,60,36,65,26627,,A
Kirkland town,10134,10315,181,1.8%,60,36,65,39804,,A
Lee town,6875,6486,-389,-5.7%,60,36,65,41762,,A
Marcy town,9481,8982,-499,-5.3%,60,36,65,45535,,A
Marshall town,2127,2131,4,0.2%,60,36,65,45755,,A
New Hartford town,21289,22166,877,4.1%,60,36,65,50309,,A
Paris town,4609,4411,-198,-4.3%,60,36,65,56330,,A
Remsen town,1958,1929,-29,-1.5%,60,36,65,61126,,A
Rome city,34950,33725,-1225,-3.5%,60,36,65,63418,,F
Sangerfield town,2610,2561,-49,-1.9%,60,36,65,65134,,A
Sherrill city,3158,3071,-87,-2.8%,60,36,65,66993,,F
Steuben town,1172,1100,-72,-6.1%,60,36,65,71212,,A
Trenton town,4670,4498,-172,-3.7%,60,36,65,75280,,A
Utica city,60599,62235,1636,2.7%,60,36,65,76540,,F
Vernon town,5324,5408,84,1.6%,60,36,65,77123,,A
Verona town,6425,6293,-132,-2.1%,60,36,65,77178,,A
Vienna town,5817,5440,-377,-6.5%,60,36,65,77486,,A
Western town,2029,1951,-78,-3.8%,60,36,65,79862,,A
Westmoreland town,6207,6138,-69,-1.1%,60,36,65,80533,,A
Whitestown town,18635,18667,32,0.2%,60,36,65,81754,,A
Onondaga County,458336,467026,8690,1.9%,50,36,67,,,A
Camillus town,23152,24167,1015,4.4%,60,36,67,11913,,A
Cicero town,27982,31632,3650,13%,60,36,67,15704,,A
Clay town,58805,58206,-599,-1%,60,36,67,16067,,A
De Witt town,24942,25838,896,3.6%,60,36,67,20478,,A
Elbridge town,6091,5922,-169,-2.8%,60,36,67,23800,,A
Fabius town,1974,1964,-10,-0.5%,60,36,67,24878,,A
Geddes town,17740,17118,-622,-3.5%,60,36,67,28519,,A
LaFayette town,4833,4952,119,2.5%,60,36,67,40266,,A
Lysander town,19285,21759,2474,12.8%,60,36,67,44039,,A
Manlius town,31872,32370,498,1.6%,60,36,67,45029,,A
Marcellus town,6319,6210,-109,-1.7%,60,36,67,45491,,A
Onondaga town,21063,23101,2038,9.7%,60,36,67,54958,,A
Onondaga Nation Reservation,1473,468,-1005,-68.2%,60,36,67,54980,,F
Otisco town,2561,2541,-20,-0.8%,60,36,67,55651,,A
Pompey town,6159,7080,921,15%,60,36,67,59036,,A
Salina town,33290,33710,420,1.3%,60,36,67,64815,,A
Skaneateles town,7323,7209,-114,-1.6%,60,36,67,67521,,A
Spafford town,1661,1686,25,1.5%,60,36,67,70057,,A
Syracuse city,146464,145170,-1294,-0.9%,60,36,67,73000,,F
Tully town,2680,2738,58,2.2%,60,36,67,75638,,A
Van Buren town,12667,13185,518,4.1%,60,36,67,76760,,A
Ontario County,100224,107931,7707,7.7%,50,36,69,,,A
Bristol town,2421,2315,-106,-4.4%,60,36,69,8378,,A
Canadice town,1846,1664,-182,-9.9%,60,36,69,12100,,A
Canandaigua city,11418,10545,-873,-7.6%,60,36,69,12144,,F
Canandaigua town,7649,10020,2371,31%,60,36,69,12155,,A
East Bloomfield town,3361,3634,273,8.1%,60,36,69,21699,,A
Farmington town,10585,11825,1240,11.7%,60,36,69,25406,,A
Geneva city,13613,13261,-352,-2.6%,60,36,69,28640,,F
Geneva town,3295,3291,-4,-0.1%,60,36,69,28651,,A
Gorham town,3776,4247,471,12.5%,60,36,69,29531,,A
Hopewell town,3346,3747,401,12%,60,36,69,35551,,A
Manchester town,9258,9395,137,1.5%,60,36,69,44864,,A
Naples town,2441,2502,61,2.5%,60,36,69,49440,,A
Phelps town,7009,7072,63,0.9%,60,36,69,57529,,A
Richmond town,3452,3361,-91,-2.6%,60,36,69,61544,,A
Seneca town,2737,2721,-16,-0.6%,60,36,69,66289,,A
South Bristol town,1645,1590,-55,-3.3%,60,36,69,68660,,A
Victor town,9823,14275,4452,45.3%,60,36,69,77387,,A
West Bloomfield town,2549,2466,-83,-3.3%,60,36,69,79356,,A
Orange County,341371,372813,31442,9.2%,50,36,71,,,A
Blooming Grove town,17356,18028,672,3.9%,60,36,71,7003,,A
Chester town,12140,11981,-159,-1.3%,60,36,71,15308,,A
Cornwall town,12310,12646,336,2.7%,60,36,71,18300,,A
Crawford town,7875,9316,1441,18.3%,60,36,71,18916,,A
Deerpark town,7858,7901,43,0.5%,60,36,71,19961,,A
Goshen town,12913,13687,774,6%,60,36,71,29553,,A
Greenville town,3800,4616,816,21.5%,60,36,71,30631,,A
Hamptonburgh town,4686,5561,875,18.7%,60,36,71,31907,,A
Highlands town,12482,12492,10,0.1%,60,36,71,34550,,A
Middletown city,25325,28086,2761,10.9%,60,36,71,47042,,F
Minisink town,3585,4490,905,25.2%,60,36,71,47713,,A
Monroe town,31407,39912,8505,27.1%,60,36,71,47999,,A
Montgomery town,20891,22606,1715,8.2%,60,36,71,48153,,A
Mount Hope town,6639,7018,379,5.7%,60,36,71,48857,,A
Newburgh city,28259,28866,607,2.1%,60,36,71,50034,,F
Newburgh town,27571,29801,2230,8.1%,60,36,71,50045,,A
New Windsor town,22861,25244,2383,10.4%,60,36,71,50848,,A
Port Jervis city,8860,8828,-32,-0.4%,60,36,71,59388,,F
Tuxedo town,3334,3624,290,8.7%,60,36,71,75781,,A
Wallkill town,24722,27426,2704,10.9%,60,36,71,77992,,A
Warwick town,30764,32065,1301,4.2%,60,36,71,78366,,A
Wawayanda town,6273,7266,993,15.8%,60,36,71,78839,,A
Woodbury town,9460,11353,1893,20%,60,36,71,82755,,A
Orleans County,44173,42883,-1290,-2.9%,50,36,73,,,A
Albion town,9409,8468,-941,-10%,60,36,73,1044,,A
Barre town,2124,2025,-99,-4.7%,60,36,73,4572,,A
Carlton town,2960,2994,34,1.1%,60,36,73,12496,,A
Clarendon town,3392,3648,256,7.5%,60,36,73,15880,,A
Gaines town,3740,3378,-362,-9.7%,60,36,73,27958,,A
Kendall town,2838,2724,-114,-4%,60,36,73,39188,,A
Murray town,4892,4988,96,2%,60,36,73,49286,,A
Ridgeway town,6888,6780,-108,-1.6%,60,36,73,61742,,A
Shelby town,5420,5319,-101,-1.9%,60,36,73,66751,,A
Yates town,2510,2559,49,2%,60,36,73,83448,,A
Oswego County,122379,122109,-270,-0.2%,50,36,75,,,A
Albion town,2083,2073,-10,-0.5%,60,36,75,1055,,A
Amboy town,1312,1263,-49,-3.7%,60,36,75,1649,,A
Boylston town,507,549,42,8.3%,60,36,75,7674,,A
Constantia town,5143,4973,-170,-3.3%,60,36,75,17904,,A
Fulton city,11855,11896,41,0.3%,60,36,75,27815,,F
Granby town,7009,6821,-188,-2.7%,60,36,75,29729,,A
Hannibal town,4957,4854,-103,-2.1%,60,36,75,32028,,A
Hastings town,8803,9450,647,7.3%,60,36,75,32688,,A
Mexico town,5181,5197,16,0.3%,60,36,75,46822,,A
Minetto town,1663,1659,-4,-0.2%,60,36,75,47691,,A
New Haven town,2930,2856,-74,-2.5%,60,36,75,50342,,A
Orwell town,1252,1167,-85,-6.8%,60,36,75,55453,,A
Oswego city,18096,18142,46,0.3%,60,36,75,55574,,F
Oswego town,7287,7984,697,9.6%,60,36,75,55585,,A
Palermo town,3686,3664,-22,-0.6%,60,36,75,56154,,A
Parish town,2694,2558,-136,-5%,60,36,75,56352,,A
Redfield town,607,550,-57,-9.4%,60,36,75,60873,,A
Richland town,5824,5718,-106,-1.8%,60,36,75,61533,,A
Sandy Creek town,3863,3939,76,2%,60,36,75,65079,,A
Schroeppel town,8566,8501,-65,-0.8%,60,36,75,65618,,A
Scriba town,7189,6840,-349,-4.9%,60,36,75,65992,,A
Volney town,6094,5926,-168,-2.8%,60,36,75,77662,,A
West Monroe town,4428,4252,-176,-4%,60,36,75,80500,,A
Williamstown town,1350,1277,-73,-5.4%,60,36,75,82073,,A
Otsego County,61672,62259,587,1%,50,36,77,,,A
Burlington town,1085,1140,55,5.1%,60,36,77,11209,,A
Butternuts town,1792,1786,-6,-0.3%,60,36,77,11528,,A
Cherry Valley town,1268,1223,-45,-3.5%,60,36,77,15253,,A
Decatur town,410,353,-57,-13.9%,60,36,77,19895,,A
Edmeston town,1818,1826,8,0.4%,60,36,77,23613,,A
Exeter town,954,987,33,3.5%,60,36,77,24845,,A
Hartwick town,2203,2110,-93,-4.2%,60,36,77,32589,,A
Laurens town,2398,2424,26,1.1%,60,36,77,41531,,A
Maryland town,1920,1897,-23,-1.2%,60,36,77,45920,,A
Middlefield town,2247,2114,-133,-5.9%,60,36,77,46910,,A
Milford town,2938,3044,106,3.6%,60,36,77,47240,,A
Morris town,1867,1878,11,0.6%,60,36,77,48494,,A
New Lisbon town,1116,1114,-2,-0.2%,60,36,77,50485,,A
Oneonta city,13292,13901,609,4.6%,60,36,77,54881,,F
Oneonta town,4994,5229,235,4.7%,60,36,77,54892,,A
Otego town,3187,3115,-72,-2.3%,60,36,77,55629,,A
Otsego town,3899,3900,1,0%,60,36,77,55695,,A
Pittsfield town,1301,1366,65,5%,60,36,77,58343,,A
Plainfield town,982,915,-67,-6.8%,60,36,77,58420,,A
Richfield town,2423,2388,-35,-1.4%,60,36,77,61467,,A
Roseboom town,684,711,27,3.9%,60,36,77,63638,,A
Springfield town,1355,1358,3,0.2%,60,36,77,70310,,A
Unadilla town,4548,4392,-156,-3.4%,60,36,77,76012,,A
Westford town,784,868,84,10.7%,60,36,77,79972,,A
Worcester town,2207,2220,13,0.6%,60,36,77,83129,,A
Putnam County,95745,99710,3965,4.1%,50,36,79,,,A
Carmel town,33006,34305,1299,3.9%,60,36,79,12529,,A
Kent town,14009,13507,-502,-3.6%,60,36,79,39331,,A
Patterson town,11306,12023,717,6.3%,60,36,79,56748,,A
Philipstown town,9422,9662,240,2.5%,60,36,79,57584,,A
Putnam Valley town,10686,11809,1123,10.5%,60,36,79,60147,,A
Southeast town,17316,18404,1088,6.3%,60,36,79,68924,,A
Queens County,2229379,2230722,1343,0.1%,50,36,81,,,C
Rensselaer County,152540,159429,6889,4.5%,50,36,83,,,A
Berlin town,1901,1880,-21,-1.1%,60,36,83,6189,,A
Brunswick town,11664,11941,277,2.4%,60,36,83,10275,,A
East Greenbush town,15429,16473,1044,6.8%,60,36,83,22117,,A
Grafton town,1987,2130,143,7.2%,60,36,83,29674,,A
Hoosick town,6759,6924,165,2.4%,60,36,83,35463,,A
Nassau town,4818,4789,-29,-0.6%,60,36,83,49517,,A
North Greenbush town,10815,12075,1260,11.7%,60,36,83,52100,,A
Petersburgh town,1563,1525,-38,-2.4%,60,36,83,57441,,A
Pittstown town,5644,5735,91,1.6%,60,36,83,58398,,A
Poestenkill town,4044,4530,486,12%,60,36,83,58805,,A
Rensselaer city,7892,9392,1500,19%,60,36,83,61148,,F
Sand Lake town,7987,8530,543,6.8%,60,36,83,65013,,A
Schaghticoke town,7456,7679,223,3%,60,36,83,65486,,A
Schodack town,12536,12794,258,2.1%,60,36,83,65541,,A
Stephentown town,2873,2903,30,1%,60,36,83,71102,,A
Troy city,49172,50129,957,1.9%,60,36,83,75484,,F
Richmond County,443729,468730,25001,5.6%,50,36,85,,,C
Rockland County,286761,311687,24926,8.7%,50,36,87,,,A
Clarkstown town,82056,84187,2131,2.6%,60,36,87,15968,,A
Haverstraw town,33825,36634,2809,8.3%,60,36,87,32765,,A
Orangetown town,47781,49212,1431,3%,60,36,87,55211,,A
Ramapo town,108852,126595,17743,16.3%,60,36,87,60510,,A
Stony Point town,14247,15059,812,5.7%,60,36,87,71674,,A
St. Lawrence County,111919,111944,25,0%,50,36,89,,,A
Brasher town,2337,2512,175,7.5%,60,36,89,7938,,A
Canton town,10334,10995,661,6.4%,60,36,89,12342,,A
Clare town,112,105,-7,-6.3%,60,36,89,15792,,A
Clifton town,791,751,-40,-5.1%,60,36,89,16287,,A
Colton town,1453,1451,-2,-0.1%,60,36,89,17409,,A
De Kalb town,2213,2434,221,10%,60,36,89,20038,,A
De Peyster town,936,998,62,6.6%,60,36,89,20335,,A
Edwards town,1148,1156,8,0.7%,60,36,89,23646,,A
Fine town,1622,1512,-110,-6.8%,60,36,89,25791,,A
Fowler town,2179,2202,23,1.1%,60,36,89,27100,,A
Gouverneur town,7419,7085,-334,-4.5%,60,36,89,29608,,A
Hammond town,1209,1191,-18,-1.5%,60,36,89,31841,,A
Hermon town,1069,1108,39,3.6%,60,36,89,34176,,A
Hopkinton town,1020,1077,57,5.6%,60,36,89,35595,,A
Lawrence town,1545,1826,281,18.2%,60,36,89,41564,,A
Lisbon town,4047,4102,55,1.4%,60,36,89,42631,,A
Louisville town,3195,3145,-50,-1.6%,60,36,89,43588,,A
Macomb town,846,906,60,7.1%,60,36,89,44391,,A
Madrid town,1828,1735,-93,-5.1%,60,36,89,44490,,A
Massena town,13121,12883,-238,-1.8%,60,36,89,46030,,A
Morristown town,2050,1974,-76,-3.7%,60,36,89,48582,,A
Norfolk town,4565,4668,103,2.3%,60,36,89,51330,,A
Ogdensburg city,12364,11128,-1236,-10%,60,36,89,54485,,F
Oswegatchie town,4370,4397,27,0.6%,60,36,89,55563,,A
Parishville town,2049,2153,104,5.1%,60,36,89,56374,,A
Piercefield town,305,310,5,1.6%,60,36,89,57716,,A
Pierrepont town,2674,2589,-85,-3.2%,60,36,89,57771,,A
Pitcairn town,783,846,63,8%,60,36,89,58266,,A
Potsdam town,15945,16041,96,0.6%,60,36,89,59575,,A
Rossie town,785,877,92,11.7%,60,36,89,63858,,A
Russell town,1801,1856,55,3.1%,60,36,89,64221,,A
Stockholm town,3592,3665,73,2%,60,36,89,71410,,A
Waddington town,2212,2266,54,2.4%,60,36,89,77739,,A
Saratoga County,200635,219607,18972,9.5%,50,36,91,,,A
Ballston town,8729,9776,1047,12%,60,36,91,4220,,A
Charlton town,3958,4133,175,4.4%,60,36,91,13926,,A
Clifton Park town,33110,36705,3595,10.9%,60,36,91,16353,,A
Corinth town,6259,6531,272,4.3%,60,36,91,18223,,A
Day town,920,856,-64,-7%,60,36,91,19807,,A
Edinburg town,1384,1214,-170,-12.3%,60,36,91,23591,,A
Galway town,3589,3545,-44,-1.2%,60,36,91,28112,,A
Greenfield town,7362,7775,413,5.6%,60,36,91,30444,,A
Hadley town,1971,2048,77,3.9%,60,36,91,31269,,A
Halfmoon town,18359,21535,3176,17.3%,60,36,91,31489,,A
Malta town,13005,14765,1760,13.5%,60,36,91,44743,,A
Mechanicville city,5019,5196,177,3.5%,60,36,91,46360,,F
Milton town,17103,18575,1472,8.6%,60,36,91,47537,,A
Moreau town,13549,14728,1179,8.7%,60,36,91,48318,,A
Northumberland town,4603,5087,484,10.5%,60,36,91,53737,,A
Providence town,1837,1995,158,8.6%,60,36,91,59949,,A
Saratoga town,5114,5674,560,11%,60,36,91,65244,,A
Saratoga Springs city,26186,26586,400,1.5%,60,36,91,65255,,F
Stillwater town,7522,8287,765,10.2%,60,36,91,71333,,A
Waterford town,8515,8423,-92,-1.1%,60,36,91,78531,,A
Wilton town,12541,16173,3632,29%,60,36,91,82403,,A
Schenectady County,146551,154727,8176,5.6%,50,36,93,,,A
Duanesburg town,5808,6122,314,5.4%,60,36,93,21006,,A
Glenville town,28179,29480,1301,4.6%,60,36,93,29366,,A
Niskayuna town,20295,21781,1486,7.3%,60,36,93,51264,,A
Princetown town,2132,2115,-17,-0.8%,60,36,93,59861,,A
Rotterdam town,28316,29094,778,2.7%,60,36,93,63935,,A
Schenectady city,61821,66135,4314,7%,60,36,93,65508,,F
Schoharie County,31582,32749,1167,3.7%,50,36,95,,,A
Blenheim town,330,377,47,14.2%,60,36,95,6893,,A
Broome town,959,973,14,1.5%,60,36,95,10154,,A
Carlisle town,1758,1948,190,10.8%,60,36,95,12452,,A
Cobleskill town,6407,6625,218,3.4%,60,36,95,16639,,A
Conesville town,727,734,7,1%,60,36,95,17651,,A
Esperance town,2043,2076,33,1.6%,60,36,95,24724,,A
Fulton town,1493,1442,-51,-3.4%,60,36,95,27826,,A
Gilboa town,1204,1307,103,8.6%,60,36,95,28981,,A
Jefferson town,1285,1410,125,9.7%,60,36,95,38440,,A
Middleburgh town,3515,3746,231,6.6%,60,36,95,46855,,A
Richmondville town,2412,2610,198,8.2%,60,36,95,61599,,A
Schoharie town,3299,3205,-94,-2.8%,60,36,95,65596,,A
Seward town,1637,1763,126,7.7%,60,36,95,66542,,A
Sharon town,1843,1846,3,0.2%,60,36,95,66641,,A
Summit town,1123,1148,25,2.2%,60,36,95,72070,,A
Wright town,1547,1539,-8,-0.5%,60,36,95,83195,,A
Schuyler County,19222,18343,-879,-4.6%,50,36,97,,,A
Catharine town,1930,1762,-168,-8.7%,60,36,97,12914,,A
Cayuta town,545,556,11,2%,60,36,97,13112,,A
Dix town,4197,3864,-333,-7.9%,60,36,97,20676,,A
Hector town,4854,4940,86,1.8%,60,36,97,33073,,A
Montour town,2446,2308,-138,-5.6%,60,36,97,48186,,A
Orange town,1754,1609,-145,-8.3%,60,36,97,55156,,A
Reading town,1786,1707,-79,-4.4%,60,36,97,60763,,A
Tyrone town,1710,1597,-113,-6.6%,60,36,97,75924,,A
Seneca County,33342,35251,1909,5.7%,50,36,99,,,A
Covert town,2227,2154,-73,-3.3%,60,36,99,18663,,A
Fayette town,3643,3929,286,7.9%,60,36,99,25505,,A
Geneva city,0,0,0,,60,36,99,28640,,F
Junius town,1362,1471,109,8%,60,36,99,38858,,A
Lodi town,1478,1550,72,4.9%,60,36,99,43225,,A
Ovid town,2755,2311,-444,-16.1%,60,36,99,55827,,A
Romulus town,2036,4316,2280,112%,60,36,99,63440,,A
Seneca Falls town,9347,9040,-307,-3.3%,60,36,99,66333,,A
Tyre town,899,981,82,9.1%,60,36,99,75902,,A
Varick town,1729,1857,128,7.4%,60,36,99,76958,,A
Waterloo town,7866,7642,-224,-2.8%,60,36,99,78564,,A
Steuben County,98728,98990,262,0.3%,50,36,101,,,A
Addison town,2640,2595,-45,-1.7%,60,36,101,287,,A
Avoca town,2311,2264,-47,-2%,60,36,101,3342,,A
Bath town,12088,12379,291,2.4%,60,36,101,4770,,A
Bradford town,772,855,83,10.8%,60,36,101,7740,,A
Cameron town,1034,945,-89,-8.6%,60,36,101,11880,,A
Campbell town,3691,3406,-285,-7.7%,60,36,101,11946,,A
Canisteo town,3583,3391,-192,-5.4%,60,36,101,12265,,A
Caton town,2097,2179,82,3.9%,60,36,101,12991,,A
Cohocton town,2626,2561,-65,-2.5%,60,36,101,16738,,A
Corning city,10835,11183,348,3.2%,60,36,101,18256,,F
Corning town,6433,6270,-163,-2.5%,60,36,101,18267,,A
Dansville town,1977,1842,-135,-6.8%,60,36,101,19675,,A
Erwin town,7227,8037,810,11.2%,60,36,101,24647,,A
Fremont town,964,1008,44,4.6%,60,36,101,27551,,A
Greenwood town,849,801,-48,-5.7%,60,36,101,30741,,A
Hartsville town,585,609,24,4.1%,60,36,101,32567,,A
Hornby town,1742,1706,-36,-2.1%,60,36,101,35661,,A
Hornell city,9149,8563,-586,-6.4%,60,36,101,35672,,F
Hornellsville town,3915,4151,236,6%,60,36,101,35683,,A
Howard town,1430,1467,37,2.6%,60,36,101,35837,,A
Jasper town,1270,1424,154,12.1%,60,36,101,38319,,A
Lindley town,1913,1967,54,2.8%,60,36,101,42576,,A
Prattsburgh town,2064,2085,21,1%,60,36,101,59718,,A
Pulteney town,1405,1285,-120,-8.5%,60,36,101,59982,,A
Rathbone town,1080,1126,46,4.3%,60,36,101,60653,,A
Thurston town,1309,1350,41,3.1%,60,36,101,73836,,A
Troupsburg town,1126,1291,165,14.7%,60,36,101,75440,,A
Tuscarora town,1400,1473,73,5.2%,60,36,101,75737,,A
Urbana town,2546,2343,-203,-8%,60,36,101,76496,,A
Wayland town,4314,4102,-212,-4.9%,60,36,101,78861,,A
Wayne town,1167,1041,-126,-10.8%,60,36,101,78883,,A
West Union town,399,312,-87,-21.8%,60,36,101,81105,,A
Wheeler town,1263,1260,-3,-0.2%,60,36,101,81457,,A
Woodhull town,1524,1719,195,12.8%,60,36,101,82843,,A
Suffolk County,1419372,1493350,73978,5.2%,50,36,103,,,A
Babylon town,212139,213603,1464,0.7%,60,36,103,4000,,A
Brookhaven town,448239,486040,37801,8.4%,60,36,103,10000,,A
East Hampton town,19719,21457,1738,8.8%,60,36,103,22194,,A
Huntington town,195289,203264,7975,4.1%,60,36,103,37000,,A
Islip town,322435,335543,13108,4.1%,60,36,103,38000,,A
Poospatuck Reservation,283,324,41,14.5%,60,36,103,59106,,F
Riverhead town,27680,33506,5826,21%,60,36,103,61984,,A
Shelter Island town,2226,2392,166,7.5%,60,36,103,66839,,A
Shinnecock Reservation,504,662,158,31.3%,60,36,103,67059,,F
Smithtown town,115545,117801,2256,2%,60,36,103,68000,,A
Southampton town,54714,56790,2076,3.8%,60,36,103,68473,,A
Southold town,20599,21968,1369,6.6%,60,36,103,69463,,A
Sullivan County,73962,77547,3585,4.8%,50,36,105,,,A
Bethel town,4364,4255,-109,-2.5%,60,36,105,6310,,A
Callicoon town,3052,3057,5,0.2%,60,36,105,11759,,A
Cochecton town,1327,1372,45,3.4%,60,36,105,16661,,A
Delaware town,2720,2670,-50,-1.8%,60,36,105,20104,,A
Fallsburg town,12227,12870,643,5.3%,60,36,105,25241,,A
Forestburgh town,831,819,-12,-1.4%,60,36,105,26528,,A
Fremont town,1387,1381,-6,-0.4%,60,36,105,27573,,A
Highland town,2407,2530,123,5.1%,60,36,105,34473,,A
Liberty town,9638,9885,247,2.6%,60,36,105,42235,,A
Lumberland town,1936,2468,532,27.5%,60,36,105,43786,,A
Mamakating town,11004,12085,1081,9.8%,60,36,105,44809,,A
Neversink town,3556,3557,1,0%,60,36,105,49847,,A
Rockland town,3913,3775,-138,-3.5%,60,36,105,63176,,A
Thompson town,14185,15308,1123,7.9%,60,36,105,73627,,A
Tusten town,1415,1515,100,7.1%,60,36,105,75759,,A
Tioga County,51787,51125,-662,-1.3%,50,36,107,,,A
Barton town,9066,8858,-208,-2.3%,60,36,107,4671,,A
Berkshire town,1366,1412,46,3.4%,60,36,107,6145,,A
Candor town,5317,5305,-12,-0.2%,60,36,107,12221,,A
Newark Valley town,4100,3946,-154,-3.8%,60,36,107,49913,,A
Nichols town,2583,2525,-58,-2.2%,60,36,107,51121,,A
Owego town,20366,19883,-483,-2.4%,60,36,107,55893,,A
Richford town,1170,1172,2,0.2%,60,36,107,61511,,A
Spencer town,2979,3153,174,5.8%,60,36,107,70178,,A
Tioga town,4840,4871,31,0.6%,60,36,107,73968,,A
Tompkins County,96502,101564,5062,5.2%,50,36,109,,,A
Caroline town,2912,3282,370,12.7%,60,36,109,12606,,A
Danby town,3007,3329,322,10.7%,60,36,109,19620,,A
Dryden town,13531,14435,904,6.7%,60,36,109,20962,,A
Enfield town,3370,3512,142,4.2%,60,36,109,24548,,A
Groton town,5794,5950,156,2.7%,60,36,109,30972,,A
Ithaca city,28775,30014,1239,4.3%,60,36,109,38077,,F
Ithaca town,18709,19930,1221,6.5%,60,36,109,38088,,A
Lansing town,10521,11033,512,4.9%,60,36,109,41234,,A
Newfield town,5108,5179,71,1.4%,60,36,109,50254,,A
Ulysses town,4775,4900,125,2.6%,60,36,109,75990,,A
Ulster County,177694,182493,4799,2.7%,50,36,111,,,A
Denning town,511,551,40,7.8%,60,36,111,20247,,A
Esopus town,9333,9041,-292,-3.1%,60,36,111,24691,,A
Gardiner town,5238,5713,475,9.1%,60,36,111,28255,,A
Hardenburgh town,208,238,30,14.4%,60,36,111,32116,,A
Hurley town,6562,6314,-248,-3.8%,60,36,111,37143,,A
Kingston city,23478,23893,415,1.8%,60,36,111,39727,,F
Kingston town,908,889,-19,-2.1%,60,36,111,39738,,A
Lloyd town,9938,10863,925,9.3%,60,36,111,42994,,A
Marbletown town,5854,5607,-247,-4.2%,60,36,111,45458,,A
Marlborough town,8263,8808,545,6.6%,60,36,111,45722,,A
New Paltz town,12830,14003,1173,9.1%,60,36,111,50562,,A
Olive town,4579,4419,-160,-3.5%,60,36,111,54749,,A
Plattekill town,9889,10499,610,6.2%,60,36,111,58552,,A
Rochester town,7010,7313,303,4.3%,60,36,111,63011,,A
Rosendale town,6345,6075,-270,-4.3%,60,36,111,63737,,A
Saugerties town,18822,19482,660,3.5%,60,36,111,65299,,A
Shandaken town,3226,3085,-141,-4.4%,60,36,111,66597,,A
Shawangunk town,12020,14332,2312,19.2%,60,36,111,66674,,A
Ulster town,12526,12327,-199,-1.6%,60,36,111,75935,,A
Wawarsing town,13928,13157,-771,-5.5%,60,36,111,78828,,A
Woodstock town,6226,5884,-342,-5.5%,60,36,111,83052,,A
Warren County,63303,65707,2404,3.8%,50,36,113,,,A
Bolton town,2117,2326,209,9.9%,60,36,113,7234,,A
Chester town,3614,3355,-259,-7.2%,60,36,113,15319,,A
Glens Falls city,14354,14700,346,2.4%,60,36,113,29333,,F
Hague town,854,699,-155,-18.1%,60,36,113,31335,,A
Horicon town,1479,1389,-90,-6.1%,60,36,113,35639,,A
Johnsburg town,2450,2395,-55,-2.2%,60,36,113,38715,,A
Lake George town,3578,3515,-63,-1.8%,60,36,113,40519,,A
Lake Luzerne town,3219,3347,128,4%,60,36,113,40662,,A
Queensbury town,25441,27901,2460,9.7%,60,36,113,60356,,A
Stony Creek town,743,767,24,3.2%,60,36,113,71641,,A
Thurman town,1199,1219,20,1.7%,60,36,113,73814,,A
Warrensburg town,4255,4094,-161,-3.8%,60,36,113,78300,,A
Washington County,61042,63216,2174,3.6%,50,36,115,,,A
Argyle town,3688,3782,94,2.5%,60,36,115,2561,,A
Cambridge town,2154,2021,-133,-6.2%,60,36,115,11836,,A
Dresden town,677,652,-25,-3.7%,60,36,115,20885,,A
Easton town,2259,2336,77,3.4%,60,36,115,22656,,A
Fort Ann town,6417,6190,-227,-3.5%,60,36,115,26715,,A
Fort Edward town,5892,6371,479,8.1%,60,36,115,26781,,A
Granville town,6456,6669,213,3.3%,60,36,115,30037,,A
Greenwich town,4896,4942,46,0.9%,60,36,115,30686,,A
Hampton town,871,938,67,7.7%,60,36,115,31885,,A
Hartford town,2277,2269,-8,-0.4%,60,36,115,32457,,A
Hebron town,1775,1853,78,4.4%,60,36,115,33040,,A
Jackson town,1716,1800,84,4.9%,60,36,115,38143,,A
Kingsbury town,11171,12671,1500,13.4%,60,36,115,39650,,A
Putnam town,645,609,-36,-5.6%,60,36,115,60092,,A
Salem town,2702,2715,13,0.5%,60,36,115,64782,,A
White Creek town,3411,3356,-55,-1.6%,60,36,115,81578,,A
Whitehall town,4035,4042,7,0.2%,60,36,115,81633,,A
Wayne County,93766,93772,6,0%,50,36,117,,,A
Arcadia town,14889,14244,-645,-4.3%,60,36,117,2440,,A
Butler town,2277,2064,-213,-9.4%,60,36,117,11473,,A
Galen town,4439,4290,-149,-3.4%,60,36,117,28013,,A
Huron town,2117,2118,1,0%,60,36,117,37165,,A
Lyons town,5831,5682,-149,-2.6%,60,36,117,43973,,A
Macedon town,8688,9148,460,5.3%,60,36,117,44160,,A
Marion town,4974,4746,-228,-4.6%,60,36,117,45645,,A
Ontario town,9779,10136,357,3.7%,60,36,117,55013,,A
Palmyra town,7672,7975,303,3.9%,60,36,117,56198,,A
Rose town,2442,2369,-73,-3%,60,36,117,63605,,A
Savannah town,1838,1730,-108,-5.9%,60,36,117,65343,,A
Sodus town,8949,8384,-565,-6.3%,60,36,117,68220,,A
Walworth town,8402,9449,1047,12.5%,60,36,117,78102,,A
Williamson town,6777,6984,207,3.1%,60,36,117,82040,,A
Wolcott town,4692,4453,-239,-5.1%,60,36,117,82689,,A
Westchester County,923459,949113,25654,2.8%,50,36,119,,,A
Bedford town,18133,17335,-798,-4.4%,60,36,119,5320,,A
Cortlandt town,38469,41592,3123,8.1%,60,36,119,18410,,A
Eastchester town,31334,32363,1029,3.3%,60,36,119,21820,,A
Greenburgh town,86831,88400,1569,1.8%,60,36,119,30367,,A
Harrison town,24129,27472,3343,13.9%,60,36,119,32413,,B
Lewisboro town,12324,12411,87,0.7%,60,36,119,42136,,A
Mamaroneck town,28967,29156,189,0.7%,60,36,119,44842,,A
Mount Kisco town,10007,10877,870,8.7%,60,36,119,48895,,C
Mount Pleasant town,43221,43724,503,1.2%,60,36,119,49011,,A
Mount Vernon city,68381,67292,-1089,-1.6%,60,36,119,49121,,F
New Castle town,17467,17569,102,0.6%,60,36,119,50078,,A
New Rochelle city,72182,77062,4880,6.8%,60,36,119,50617,,F
North Castle town,10849,11841,992,9.1%,60,36,119,51693,,A
North Salem town,5173,5104,-69,-1.3%,60,36,119,53517,,A
Ossining town,36534,37674,1140,3.1%,60,36,119,55541,,A
Peekskill city,22441,23583,1142,5.1%,60,36,119,56979,,F
Pelham town,11866,12396,530,4.5%,60,36,119,57012,,A
Pound Ridge town,4726,5104,378,8%,60,36,119,59685,,A
Rye city,14953,15720,767,5.1%,60,36,119,64309,,F
Rye town,43907,45928,2021,4.6%,60,36,119,64320,,A
Scarsdale town,17825,17166,-659,-3.7%,60,36,119,65442,,C
Somers town,18346,20434,2088,11.4%,60,36,119,68308,,A
White Plains city,53075,56853,3778,7.1%,60,36,119,81677,,F
Yonkers city,196001,195976,-25,0%,60,36,119,84000,,F
Yorktown town,36318,36081,-237,-0.7%,60,36,119,84077,,A
Wyoming County,43424,42155,-1269,-2.9%,50,36,121,,,A
Arcade town,4184,4205,21,0.5%,60,36,121,2418,,A
Attica town,7806,7702,-104,-1.3%,60,36,121,3012,,A
Bennington town,3349,3359,10,0.3%,60,36,121,5936,,A
Castile town,2873,2906,33,1.1%,60,36,121,12782,,A
Covington town,1357,1232,-125,-9.2%,60,36,121,18696,,A
Eagle town,1194,1192,-2,-0.2%,60,36,121,21369,,A
Gainesville town,2333,2182,-151,-6.5%,60,36,121,27980,,A
Genesee Falls town,460,438,-22,-4.8%,60,36,121,28596,,A
Java town,2222,2057,-165,-7.4%,60,36,121,38341,,A
Middlebury town,1508,1441,-67,-4.4%,60,36,121,46877,,A
Orangeville town,1301,1355,54,4.2%,60,36,121,55222,,A
Perry town,4876,4616,-260,-5.3%,60,36,121,57254,,A
Pike town,1086,1114,28,2.6%,60,36,121,57826,,A
Sheldon town,2561,2409,-152,-5.9%,60,36,121,66773,,A
Warsaw town,5423,5064,-359,-6.6%,60,36,121,78344,,A
Wethersfield town,891,883,-8,-0.9%,60,36,121,81325,,A
Yates County,24621,25348,727,3%,50,36,123,,,A
Barrington town,1396,1681,285,20.4%,60,36,123,4594,,A
Benton town,2640,2836,196,7.4%,60,36,123,6002,,A
Italy town,1087,1141,54,5%,60,36,123,38044,,A
Jerusalem town,4525,4469,-56,-1.2%,60,36,123,38583,,A
Middlesex town,1345,1495,150,11.2%,60,36,123,47020,,A
Milo town,7026,7006,-20,-0.3%,60,36,123,47504,,A
Potter town,1830,1865,35,1.9%,60,36,123,59597,,A
Starkey town,3465,3573,108,3.1%,60,36,123,70816,,A
Torrey town,1307,1282,-25,-1.9%,60,36,123,75055,,A